time, P, Q 
1,5.0,5.000000000002869
2,25.0,45.00000000000838
3,10.0,139.9999999999825
4,3.0,293.0000000000118
5,30.0,1131.999999999981
6,50.0,3188.00000000001
7,0.0,2319.9999999999536
8,0.0,1918.0000000000273
9,0.0,4679.9999999999345
10,0.0,6452.00000000004
11,0.0,2044.9999999999582
12,0.0,1057.000000000062
13,0.0,635.999999999967
14,0.0,263.0000000000204
15,0.0,129.99999999999181
16,0.0,50.000000000002046
