uhTime, uhP, UH 
1.0,1.0,1.0000000000005738
2.0,0.0,3.9999999999988063
3.0,0.0,6.000000000001322
4.0,0.0,19.999999999997808
5.0,0.0,106.00000000000178
6.0,0.0,29.999999999998124
7.0,0.0,14.000000000001805
8.0,0.0,9.999999999999034
9.0,0.0,4.000000000000519
10.0,0.0,1.9999999999998117
11.0,0.0,1.0000000000000409
