a, b, c, d, Hb, Hc, H10, H20
0.03958079662001799,-28.613327329049653,0.18792023485828976,30.70893003746707,30.67283295941303,555.2039717230849,618.2250808747077,-8.202031201059274