time, Inflow, Outflow 
0.0,5.0,5.0
6.0,15.0,5.245153096035354
12.0,45.0,10.265180092904524
18.0,45.0,25.5215638382155
24.0,28.0,33.660209868627355
30.0,17.0,30.90443863977691
36.0,10.0,24.625661427653412
42.0,8.0,18.152682048496324
48.0,7.0,13.66886008953403
54.0,5.0,10.690702762837208
60.0,5.0,8.191206713554088
66.0,5.0,6.789550555185799
